threshold,flagged_count,fraud_in_flagged,fraud_rate_in_flagged,TP,FP,FN,TN,precision,recall,fpr,baseline_fraud_rate,lift
3.0,42649,30,0.0007034162582944501,30,42619,238,157111,0.0007034162582944501,0.11194029850746269,0.21338306714063987,0.0013400134001340014,83.53670082423703
4.0,35683,26,0.0007286382871395342,26,35657,242,164073,0.0007286382871395342,0.09701492537313433,0.17852601011365343,0.0013400134001340014,72.39847404767208
5.0,628,1,0.0015923566878980893,1,627,267,199103,0.0015923566878980893,0.0037313432835820895,0.0031392379712612026,0.0013400134001340014,2.784556694141234
6.0,591,1,0.001692047377326565,1,590,267,199140,0.001692047377326565,0.0037313432835820895,0.002953987883642918,0.0013400134001340014,2.784556694141234
