dest_tx_count_step,dest_mismatch_rate,count
1,0.6037970743853097,199206
2,0.7028795811518325,764
3,0.8333333333333334,24
4,1.0,4
