fraud_label,count,mean,median
Fraud,268,12.729434446613448,12.894753906983933
Non-fraud,199730,10.84403074106986,11.232050504803423
