metric,value
min,0.0
median,11.232050504803423
p90,12.802679954891614
p99,14.294075781327342
max,17.425722893369034
