percentile,value
50%,0.0
75%,1.0
90%,1.0
95%,1.0
99%,3.0
max,6.0
mean_fraud,0.753731343283582
mean_nonfraud,0.44704350873679466
