label,rate,count
Both,0.2160921609216092,43218
Origin only,0.35266352663526634,70532
Dest only,0.3881188811888119,77623
Either,0.9568745687456874,191373
