type,mismatch_rate
CASH_IN,0.006899515902818622
CASH_OUT,0.8876053256035352
DEBIT,0.29356357927786497
PAYMENT,0.5146175410492592
TRANSFER,0.9513814137064944
