nameDest,max_score,avg_score,total_score,tx_count,fraud_tx_count
C248609774,9.0,6.8,34.0,5,0
C1303868418,9.0,7.75,31.0,4,0
C1988852187,9.0,7.625,30.5,4,0
C1796064354,9.0,6.375,25.5,4,0
C2145961947,8.0,5.5,33.0,6,0
C1360767589,8.0,5.416666666666667,32.5,6,0
C1674899618,8.0,5.333333333333333,32.0,6,0
C1407472437,8.0,5.8,29.0,5,0
C534405863,8.0,4.583333333333333,27.5,6,0
C1401721023,8.0,5.4,27.0,5,0
